text,label
"Aliens Land in Downtown Area, Government Covers Up 
 Multiple witnesses claim to have seen extraterrestrial beings exit a UFO in the city center last night. Government officials deny the incident despite clear video evidence. Mainstream media refuses to report on this story due to pressure from powerful interests.",0
"Scientists Discover New Species of Deep-Sea Fish 
 Marine biologists have identified a new species of fish living in the deep ocean trenches. The discovery was made during a recent expedition to the Mariana Trench using advanced submersible technology. Additional reporting confirms the accuracy of these findings through peer review and verification processes.",1
"Space Agency Successfully Launches Mars Rover Mission 
 The latest Mars exploration rover was successfully launched today, equipped with advanced instruments to search for signs of past microbial life on the Red Planet. Additional reporting confirms the accuracy of these findings through peer review and verification processes.",1
"University Researchers Develop New Cancer Treatment 
 A team of oncologists and biochemists have created a targeted therapy that shows promising results in early clinical trials for treating aggressive forms of lung cancer. Additional reporting confirms the accuracy of these findings through peer review and verification processes.",1
"Local School Wins National Science Competition 
 Students from Lincoln High School took first place in the national science fair with their innovative water purification system. The project aims to provide clean drinking water to rural communities. Additional reporting confirms the accuracy of these findings through peer review and verification processes.",1
"Celebrity Death Hoax Exposed: Star Faked Own Death for Publicity 
 Investigation reveals that the recent celebrity death was staged as an elaborate publicity stunt, with the star currently hiding in a secret location. Mainstream media refuses to report on this story due to pressure from powerful interests.",0
"Scientists Prove Earth is Actually Flat Using New Technology 
 A group of independent researchers using advanced laser technology have definitively proven that the Earth is flat, contradicting centuries of scientific consensus. Mainstream media refuses to report on this story due to pressure from powerful interests.",0
"New Vaccine Shows 95% Effectiveness in Clinical Trials 
 Phase 3 trials of a new influenza vaccine demonstrate exceptional efficacy rates, offering hope for better protection against seasonal flu outbreaks. Additional reporting confirms the accuracy of these findings through peer review and verification processes.",1
"Secret Society Controls World Economy Through Hidden Messages 
 Investigative journalist uncovers evidence that a secret organization manipulates global markets using coded messages hidden in popular TV shows and movies. Mainstream media refuses to report on this story due to pressure from powerful interests.",0
"Local School Wins National Science Competition 
 Students from Lincoln High School took first place in the national science fair with their innovative water purification system. The project aims to provide clean drinking water to rural communities. Additional reporting confirms the accuracy of these findings through peer review and verification processes.",1
"Celebrity Death Hoax Exposed: Star Faked Own Death for Publicity 
 Investigation reveals that the recent celebrity death was staged as an elaborate publicity stunt, with the star currently hiding in a secret location. Mainstream media refuses to report on this story due to pressure from powerful interests.",0
"Hidden Cure for Aging Found in Ancient Egyptian Tomb 
 Archaeologists discover papyrus scrolls containing the secret to eternal youth, but the discovery is being suppressed by anti-aging industry corporations. Mainstream media refuses to report on this story due to pressure from powerful interests.",0
"Technology Company Announces Breakthrough in Solar Energy 
 Researchers at SolarTech Inc. have developed a new type of solar panel that is 40% more efficient than current models, potentially revolutionizing renewable energy adoption. Additional reporting confirms the accuracy of these findings through peer review and verification processes.",1
"New Vaccine Shows 95% Effectiveness in Clinical Trials 
 Phase 3 trials of a new influenza vaccine demonstrate exceptional efficacy rates, offering hope for better protection against seasonal flu outbreaks. Additional reporting confirms the accuracy of these findings through peer review and verification processes.",1
"Technology Company Announces Breakthrough in Solar Energy 
 Researchers at SolarTech Inc. have developed a new type of solar panel that is 40% more efficient than current models, potentially revolutionizing renewable energy adoption. Additional reporting confirms the accuracy of these findings through peer review and verification processes.",1
"Secret Society Controls World Economy Through Hidden Messages 
 Investigative journalist uncovers evidence that a secret organization manipulates global markets using coded messages hidden in popular TV shows and movies. Mainstream media refuses to report on this story due to pressure from powerful interests.",0
"Climate Change Report Shows Rising Global Temperatures 
 The latest IPCC report confirms that global average temperatures have risen by 1.2 degrees Celsius since pre-industrial times, emphasizing the urgent need for climate action. Additional reporting confirms the accuracy of these findings through peer review and verification processes.",1
"Moon Landing Footage Confirmed as Hollywood Production 
 Newly discovered evidence proves that the 1969 moon landing was filmed on a movie set, with detailed analysis of lighting and shadow inconsistencies. Mainstream media refuses to report on this story due to pressure from powerful interests.",0
"Hidden Cure for Aging Found in Ancient Egyptian Tomb 
 Archaeologists discover papyrus scrolls containing the secret to eternal youth, but the discovery is being suppressed by anti-aging industry corporations. Mainstream media refuses to report on this story due to pressure from powerful interests.",0
"Space Agency Successfully Launches Mars Rover Mission 
 The latest Mars exploration rover was successfully launched today, equipped with advanced instruments to search for signs of past microbial life on the Red Planet. Additional reporting confirms the accuracy of these findings through peer review and verification processes.",1
"Archaeological Team Uncovers Ancient Roman Settlement 
 Excavations near the Italian countryside have revealed a well-preserved Roman villa dating back to the 2nd century AD, complete with intricate mosaics and artifacts. Additional reporting confirms the accuracy of these findings through peer review and verification processes.",1
"Aliens Land in Downtown Area, Government Covers Up 
 Multiple witnesses claim to have seen extraterrestrial beings exit a UFO in the city center last night. Government officials deny the incident despite clear video evidence. Mainstream media refuses to report on this story due to pressure from powerful interests.",0
"Vaccines Contain Mind Control Chips, Whistleblower Reveals 
 Former pharmaceutical employee exposes the truth about microchips in vaccines designed to control human thoughts and behavior through 5G networks. Mainstream media refuses to report on this story due to pressure from powerful interests.",0
"Scientists Prove Earth is Actually Flat Using New Technology 
 A group of independent researchers using advanced laser technology have definitively proven that the Earth is flat, contradicting centuries of scientific consensus. Mainstream media refuses to report on this story due to pressure from powerful interests.",0
"Celebrity Death Hoax Exposed: Star Faked Own Death for Publicity 
 Investigation reveals that the recent celebrity death was staged as an elaborate publicity stunt, with the star currently hiding in a secret location. Mainstream media refuses to report on this story due to pressure from powerful interests.",0
"Miracle Cure Discovered: Eating This Fruit Prevents All Diseases 
 Local doctor claims that consuming dragon fruit daily can cure cancer, diabetes, and heart disease. Pharmaceutical companies are trying to suppress this information. Mainstream media refuses to report on this story due to pressure from powerful interests.",0
"New Vaccine Shows 95% Effectiveness in Clinical Trials 
 Phase 3 trials of a new influenza vaccine demonstrate exceptional efficacy rates, offering hope for better protection against seasonal flu outbreaks. Additional reporting confirms the accuracy of these findings through peer review and verification processes.",1
"Scientists Prove Earth is Actually Flat Using New Technology 
 A group of independent researchers using advanced laser technology have definitively proven that the Earth is flat, contradicting centuries of scientific consensus. Mainstream media refuses to report on this story due to pressure from powerful interests.",0
"Technology Company Announces Breakthrough in Solar Energy 
 Researchers at SolarTech Inc. have developed a new type of solar panel that is 40% more efficient than current models, potentially revolutionizing renewable energy adoption. Additional reporting confirms the accuracy of these findings through peer review and verification processes.",1
"University Researchers Develop New Cancer Treatment 
 A team of oncologists and biochemists have created a targeted therapy that shows promising results in early clinical trials for treating aggressive forms of lung cancer. Additional reporting confirms the accuracy of these findings through peer review and verification processes.",1
"Space Agency Successfully Launches Mars Rover Mission 
 The latest Mars exploration rover was successfully launched today, equipped with advanced instruments to search for signs of past microbial life on the Red Planet. Additional reporting confirms the accuracy of these findings through peer review and verification processes.",1
"City Council Approves New Public Transportation Plan 
 The city council unanimously voted to expand the public bus system, adding 15 new routes and electric buses to reduce emissions and improve accessibility for residents. Additional reporting confirms the accuracy of these findings through peer review and verification processes.",1
"Celebrity Death Hoax Exposed: Star Faked Own Death for Publicity 
 Investigation reveals that the recent celebrity death was staged as an elaborate publicity stunt, with the star currently hiding in a secret location. Mainstream media refuses to report on this story due to pressure from powerful interests.",0
"Scientists Discover New Species of Deep-Sea Fish 
 Marine biologists have identified a new species of fish living in the deep ocean trenches. The discovery was made during a recent expedition to the Mariana Trench using advanced submersible technology. Additional reporting confirms the accuracy of these findings through peer review and verification processes.",1
"New Study Shows Benefits of Regular Exercise 
 A comprehensive study involving 10,000 participants over 5 years demonstrates that regular physical activity significantly reduces the risk of cardiovascular disease and improves mental health. Additional reporting confirms the accuracy of these findings through peer review and verification processes.",1
"Aliens Land in Downtown Area, Government Covers Up 
 Multiple witnesses claim to have seen extraterrestrial beings exit a UFO in the city center last night. Government officials deny the incident despite clear video evidence. Mainstream media refuses to report on this story due to pressure from powerful interests.",0
"Miracle Cure Discovered: Eating This Fruit Prevents All Diseases 
 Local doctor claims that consuming dragon fruit daily can cure cancer, diabetes, and heart disease. Pharmaceutical companies are trying to suppress this information. Mainstream media refuses to report on this story due to pressure from powerful interests.",0
"Archaeological Team Uncovers Ancient Roman Settlement 
 Excavations near the Italian countryside have revealed a well-preserved Roman villa dating back to the 2nd century AD, complete with intricate mosaics and artifacts. Additional reporting confirms the accuracy of these findings through peer review and verification processes.",1
"Climate Change Report Shows Rising Global Temperatures 
 The latest IPCC report confirms that global average temperatures have risen by 1.2 degrees Celsius since pre-industrial times, emphasizing the urgent need for climate action. Additional reporting confirms the accuracy of these findings through peer review and verification processes.",1
"Miracle Cure Discovered: Eating This Fruit Prevents All Diseases 
 Local doctor claims that consuming dragon fruit daily can cure cancer, diabetes, and heart disease. Pharmaceutical companies are trying to suppress this information. Mainstream media refuses to report on this story due to pressure from powerful interests.",0
"Scientists Prove Earth is Actually Flat Using New Technology 
 A group of independent researchers using advanced laser technology have definitively proven that the Earth is flat, contradicting centuries of scientific consensus. Mainstream media refuses to report on this story due to pressure from powerful interests.",0
"City Council Approves New Public Transportation Plan 
 The city council unanimously voted to expand the public bus system, adding 15 new routes and electric buses to reduce emissions and improve accessibility for residents. Additional reporting confirms the accuracy of these findings through peer review and verification processes.",1
"City Council Approves New Public Transportation Plan 
 The city council unanimously voted to expand the public bus system, adding 15 new routes and electric buses to reduce emissions and improve accessibility for residents. Additional reporting confirms the accuracy of these findings through peer review and verification processes.",1
"New Study Shows Benefits of Regular Exercise 
 A comprehensive study involving 10,000 participants over 5 years demonstrates that regular physical activity significantly reduces the risk of cardiovascular disease and improves mental health. Additional reporting confirms the accuracy of these findings through peer review and verification processes.",1
"Secret Society Controls World Economy Through Hidden Messages 
 Investigative journalist uncovers evidence that a secret organization manipulates global markets using coded messages hidden in popular TV shows and movies. Mainstream media refuses to report on this story due to pressure from powerful interests.",0
"Weather Control Technology Used to Create Natural Disasters 
 Leaked documents reveal that governments possess weather manipulation technology and have been artificially creating hurricanes and earthquakes for political gain. Mainstream media refuses to report on this story due to pressure from powerful interests.",0
"Space Agency Successfully Launches Mars Rover Mission 
 The latest Mars exploration rover was successfully launched today, equipped with advanced instruments to search for signs of past microbial life on the Red Planet. Additional reporting confirms the accuracy of these findings through peer review and verification processes.",1
"Moon Landing Footage Confirmed as Hollywood Production 
 Newly discovered evidence proves that the 1969 moon landing was filmed on a movie set, with detailed analysis of lighting and shadow inconsistencies. Mainstream media refuses to report on this story due to pressure from powerful interests.",0
"New Vaccine Shows 95% Effectiveness in Clinical Trials 
 Phase 3 trials of a new influenza vaccine demonstrate exceptional efficacy rates, offering hope for better protection against seasonal flu outbreaks. Additional reporting confirms the accuracy of these findings through peer review and verification processes.",1
"Time Traveler from 2050 Warns of Impending Disaster 
 A man claiming to be from the future has provided detailed predictions about catastrophic events that will occur in the next decade, backed by impossible knowledge. Mainstream media refuses to report on this story due to pressure from powerful interests.",0
"Scientists Discover New Species of Deep-Sea Fish 
 Marine biologists have identified a new species of fish living in the deep ocean trenches. The discovery was made during a recent expedition to the Mariana Trench using advanced submersible technology. Additional reporting confirms the accuracy of these findings through peer review and verification processes.",1
"New Vaccine Shows 95% Effectiveness in Clinical Trials 
 Phase 3 trials of a new influenza vaccine demonstrate exceptional efficacy rates, offering hope for better protection against seasonal flu outbreaks. Additional reporting confirms the accuracy of these findings through peer review and verification processes.",1
"Vaccines Contain Mind Control Chips, Whistleblower Reveals 
 Former pharmaceutical employee exposes the truth about microchips in vaccines designed to control human thoughts and behavior through 5G networks. Mainstream media refuses to report on this story due to pressure from powerful interests.",0
"Scientists Prove Earth is Actually Flat Using New Technology 
 A group of independent researchers using advanced laser technology have definitively proven that the Earth is flat, contradicting centuries of scientific consensus. Mainstream media refuses to report on this story due to pressure from powerful interests.",0
"Space Agency Successfully Launches Mars Rover Mission 
 The latest Mars exploration rover was successfully launched today, equipped with advanced instruments to search for signs of past microbial life on the Red Planet. Additional reporting confirms the accuracy of these findings through peer review and verification processes.",1
"City Council Approves New Public Transportation Plan 
 The city council unanimously voted to expand the public bus system, adding 15 new routes and electric buses to reduce emissions and improve accessibility for residents. Additional reporting confirms the accuracy of these findings through peer review and verification processes.",1
"New Study Shows Benefits of Regular Exercise 
 A comprehensive study involving 10,000 participants over 5 years demonstrates that regular physical activity significantly reduces the risk of cardiovascular disease and improves mental health. Additional reporting confirms the accuracy of these findings through peer review and verification processes.",1
"Secret Society Controls World Economy Through Hidden Messages 
 Investigative journalist uncovers evidence that a secret organization manipulates global markets using coded messages hidden in popular TV shows and movies. Mainstream media refuses to report on this story due to pressure from powerful interests.",0
"Local School Wins National Science Competition 
 Students from Lincoln High School took first place in the national science fair with their innovative water purification system. The project aims to provide clean drinking water to rural communities. Additional reporting confirms the accuracy of these findings through peer review and verification processes.",1
"Miracle Cure Discovered: Eating This Fruit Prevents All Diseases 
 Local doctor claims that consuming dragon fruit daily can cure cancer, diabetes, and heart disease. Pharmaceutical companies are trying to suppress this information. Mainstream media refuses to report on this story due to pressure from powerful interests.",0
"Moon Landing Footage Confirmed as Hollywood Production 
 Newly discovered evidence proves that the 1969 moon landing was filmed on a movie set, with detailed analysis of lighting and shadow inconsistencies. Mainstream media refuses to report on this story due to pressure from powerful interests.",0
"Celebrity Death Hoax Exposed: Star Faked Own Death for Publicity 
 Investigation reveals that the recent celebrity death was staged as an elaborate publicity stunt, with the star currently hiding in a secret location. Mainstream media refuses to report on this story due to pressure from powerful interests.",0
"Scientists Discover New Species of Deep-Sea Fish 
 Marine biologists have identified a new species of fish living in the deep ocean trenches. The discovery was made during a recent expedition to the Mariana Trench using advanced submersible technology. Additional reporting confirms the accuracy of these findings through peer review and verification processes.",1
"Scientists Discover New Species of Deep-Sea Fish 
 Marine biologists have identified a new species of fish living in the deep ocean trenches. The discovery was made during a recent expedition to the Mariana Trench using advanced submersible technology. Additional reporting confirms the accuracy of these findings through peer review and verification processes.",1
"Moon Landing Footage Confirmed as Hollywood Production 
 Newly discovered evidence proves that the 1969 moon landing was filmed on a movie set, with detailed analysis of lighting and shadow inconsistencies. Mainstream media refuses to report on this story due to pressure from powerful interests.",0
"Archaeological Team Uncovers Ancient Roman Settlement 
 Excavations near the Italian countryside have revealed a well-preserved Roman villa dating back to the 2nd century AD, complete with intricate mosaics and artifacts. Additional reporting confirms the accuracy of these findings through peer review and verification processes.",1
"Vaccines Contain Mind Control Chips, Whistleblower Reveals 
 Former pharmaceutical employee exposes the truth about microchips in vaccines designed to control human thoughts and behavior through 5G networks. Mainstream media refuses to report on this story due to pressure from powerful interests.",0
"Archaeological Team Uncovers Ancient Roman Settlement 
 Excavations near the Italian countryside have revealed a well-preserved Roman villa dating back to the 2nd century AD, complete with intricate mosaics and artifacts. Additional reporting confirms the accuracy of these findings through peer review and verification processes.",1
"Local School Wins National Science Competition 
 Students from Lincoln High School took first place in the national science fair with their innovative water purification system. The project aims to provide clean drinking water to rural communities. Additional reporting confirms the accuracy of these findings through peer review and verification processes.",1
"Vaccines Contain Mind Control Chips, Whistleblower Reveals 
 Former pharmaceutical employee exposes the truth about microchips in vaccines designed to control human thoughts and behavior through 5G networks. Mainstream media refuses to report on this story due to pressure from powerful interests.",0
"Aliens Land in Downtown Area, Government Covers Up 
 Multiple witnesses claim to have seen extraterrestrial beings exit a UFO in the city center last night. Government officials deny the incident despite clear video evidence. Mainstream media refuses to report on this story due to pressure from powerful interests.",0
"New Study Shows Benefits of Regular Exercise 
 A comprehensive study involving 10,000 participants over 5 years demonstrates that regular physical activity significantly reduces the risk of cardiovascular disease and improves mental health. Additional reporting confirms the accuracy of these findings through peer review and verification processes.",1
"Weather Control Technology Used to Create Natural Disasters 
 Leaked documents reveal that governments possess weather manipulation technology and have been artificially creating hurricanes and earthquakes for political gain. Mainstream media refuses to report on this story due to pressure from powerful interests.",0
"Moon Landing Footage Confirmed as Hollywood Production 
 Newly discovered evidence proves that the 1969 moon landing was filmed on a movie set, with detailed analysis of lighting and shadow inconsistencies. Mainstream media refuses to report on this story due to pressure from powerful interests.",0
