title,text
Scientists Discover New Species of Deep-Sea Fish,Marine biologists have identified a new species of fish living in the deep ocean trenches. The discovery was made during a recent expedition to the Mariana Trench using advanced submersible technology. Additional reporting confirms the accuracy of these findings through peer review and verification processes.
Local School Wins National Science Competition,Students from Lincoln High School took first place in the national science fair with their innovative water purification system. The project aims to provide clean drinking water to rural communities. Additional reporting confirms the accuracy of these findings through peer review and verification processes.
New Study Shows Benefits of Regular Exercise,"A comprehensive study involving 10,000 participants over 5 years demonstrates that regular physical activity significantly reduces the risk of cardiovascular disease and improves mental health. Additional reporting confirms the accuracy of these findings through peer review and verification processes."
City Council Approves New Public Transportation Plan,"The city council unanimously voted to expand the public bus system, adding 15 new routes and electric buses to reduce emissions and improve accessibility for residents. Additional reporting confirms the accuracy of these findings through peer review and verification processes."
Technology Company Announces Breakthrough in Solar Energy,"Researchers at SolarTech Inc. have developed a new type of solar panel that is 40% more efficient than current models, potentially revolutionizing renewable energy adoption. Additional reporting confirms the accuracy of these findings through peer review and verification processes."
University Researchers Develop New Cancer Treatment,A team of oncologists and biochemists have created a targeted therapy that shows promising results in early clinical trials for treating aggressive forms of lung cancer. Additional reporting confirms the accuracy of these findings through peer review and verification processes.
Archaeological Team Uncovers Ancient Roman Settlement,"Excavations near the Italian countryside have revealed a well-preserved Roman villa dating back to the 2nd century AD, complete with intricate mosaics and artifacts. Additional reporting confirms the accuracy of these findings through peer review and verification processes."
Climate Change Report Shows Rising Global Temperatures,"The latest IPCC report confirms that global average temperatures have risen by 1.2 degrees Celsius since pre-industrial times, emphasizing the urgent need for climate action. Additional reporting confirms the accuracy of these findings through peer review and verification processes."
New Vaccine Shows 95% Effectiveness in Clinical Trials,"Phase 3 trials of a new influenza vaccine demonstrate exceptional efficacy rates, offering hope for better protection against seasonal flu outbreaks. Additional reporting confirms the accuracy of these findings through peer review and verification processes."
Space Agency Successfully Launches Mars Rover Mission,"The latest Mars exploration rover was successfully launched today, equipped with advanced instruments to search for signs of past microbial life on the Red Planet. Additional reporting confirms the accuracy of these findings through peer review and verification processes."
Scientists Discover New Species of Deep-Sea Fish,Marine biologists have identified a new species of fish living in the deep ocean trenches. The discovery was made during a recent expedition to the Mariana Trench using advanced submersible technology. Additional reporting confirms the accuracy of these findings through peer review and verification processes.
Local School Wins National Science Competition,Students from Lincoln High School took first place in the national science fair with their innovative water purification system. The project aims to provide clean drinking water to rural communities. Additional reporting confirms the accuracy of these findings through peer review and verification processes.
New Study Shows Benefits of Regular Exercise,"A comprehensive study involving 10,000 participants over 5 years demonstrates that regular physical activity significantly reduces the risk of cardiovascular disease and improves mental health. Additional reporting confirms the accuracy of these findings through peer review and verification processes."
City Council Approves New Public Transportation Plan,"The city council unanimously voted to expand the public bus system, adding 15 new routes and electric buses to reduce emissions and improve accessibility for residents. Additional reporting confirms the accuracy of these findings through peer review and verification processes."
Technology Company Announces Breakthrough in Solar Energy,"Researchers at SolarTech Inc. have developed a new type of solar panel that is 40% more efficient than current models, potentially revolutionizing renewable energy adoption. Additional reporting confirms the accuracy of these findings through peer review and verification processes."
University Researchers Develop New Cancer Treatment,A team of oncologists and biochemists have created a targeted therapy that shows promising results in early clinical trials for treating aggressive forms of lung cancer. Additional reporting confirms the accuracy of these findings through peer review and verification processes.
Archaeological Team Uncovers Ancient Roman Settlement,"Excavations near the Italian countryside have revealed a well-preserved Roman villa dating back to the 2nd century AD, complete with intricate mosaics and artifacts. Additional reporting confirms the accuracy of these findings through peer review and verification processes."
Climate Change Report Shows Rising Global Temperatures,"The latest IPCC report confirms that global average temperatures have risen by 1.2 degrees Celsius since pre-industrial times, emphasizing the urgent need for climate action. Additional reporting confirms the accuracy of these findings through peer review and verification processes."
New Vaccine Shows 95% Effectiveness in Clinical Trials,"Phase 3 trials of a new influenza vaccine demonstrate exceptional efficacy rates, offering hope for better protection against seasonal flu outbreaks. Additional reporting confirms the accuracy of these findings through peer review and verification processes."
Space Agency Successfully Launches Mars Rover Mission,"The latest Mars exploration rover was successfully launched today, equipped with advanced instruments to search for signs of past microbial life on the Red Planet. Additional reporting confirms the accuracy of these findings through peer review and verification processes."
Scientists Discover New Species of Deep-Sea Fish,Marine biologists have identified a new species of fish living in the deep ocean trenches. The discovery was made during a recent expedition to the Mariana Trench using advanced submersible technology. Additional reporting confirms the accuracy of these findings through peer review and verification processes.
Local School Wins National Science Competition,Students from Lincoln High School took first place in the national science fair with their innovative water purification system. The project aims to provide clean drinking water to rural communities. Additional reporting confirms the accuracy of these findings through peer review and verification processes.
New Study Shows Benefits of Regular Exercise,"A comprehensive study involving 10,000 participants over 5 years demonstrates that regular physical activity significantly reduces the risk of cardiovascular disease and improves mental health. Additional reporting confirms the accuracy of these findings through peer review and verification processes."
City Council Approves New Public Transportation Plan,"The city council unanimously voted to expand the public bus system, adding 15 new routes and electric buses to reduce emissions and improve accessibility for residents. Additional reporting confirms the accuracy of these findings through peer review and verification processes."
Technology Company Announces Breakthrough in Solar Energy,"Researchers at SolarTech Inc. have developed a new type of solar panel that is 40% more efficient than current models, potentially revolutionizing renewable energy adoption. Additional reporting confirms the accuracy of these findings through peer review and verification processes."
University Researchers Develop New Cancer Treatment,A team of oncologists and biochemists have created a targeted therapy that shows promising results in early clinical trials for treating aggressive forms of lung cancer. Additional reporting confirms the accuracy of these findings through peer review and verification processes.
Archaeological Team Uncovers Ancient Roman Settlement,"Excavations near the Italian countryside have revealed a well-preserved Roman villa dating back to the 2nd century AD, complete with intricate mosaics and artifacts. Additional reporting confirms the accuracy of these findings through peer review and verification processes."
Climate Change Report Shows Rising Global Temperatures,"The latest IPCC report confirms that global average temperatures have risen by 1.2 degrees Celsius since pre-industrial times, emphasizing the urgent need for climate action. Additional reporting confirms the accuracy of these findings through peer review and verification processes."
New Vaccine Shows 95% Effectiveness in Clinical Trials,"Phase 3 trials of a new influenza vaccine demonstrate exceptional efficacy rates, offering hope for better protection against seasonal flu outbreaks. Additional reporting confirms the accuracy of these findings through peer review and verification processes."
Space Agency Successfully Launches Mars Rover Mission,"The latest Mars exploration rover was successfully launched today, equipped with advanced instruments to search for signs of past microbial life on the Red Planet. Additional reporting confirms the accuracy of these findings through peer review and verification processes."
Scientists Discover New Species of Deep-Sea Fish,Marine biologists have identified a new species of fish living in the deep ocean trenches. The discovery was made during a recent expedition to the Mariana Trench using advanced submersible technology. Additional reporting confirms the accuracy of these findings through peer review and verification processes.
Local School Wins National Science Competition,Students from Lincoln High School took first place in the national science fair with their innovative water purification system. The project aims to provide clean drinking water to rural communities. Additional reporting confirms the accuracy of these findings through peer review and verification processes.
New Study Shows Benefits of Regular Exercise,"A comprehensive study involving 10,000 participants over 5 years demonstrates that regular physical activity significantly reduces the risk of cardiovascular disease and improves mental health. Additional reporting confirms the accuracy of these findings through peer review and verification processes."
City Council Approves New Public Transportation Plan,"The city council unanimously voted to expand the public bus system, adding 15 new routes and electric buses to reduce emissions and improve accessibility for residents. Additional reporting confirms the accuracy of these findings through peer review and verification processes."
Technology Company Announces Breakthrough in Solar Energy,"Researchers at SolarTech Inc. have developed a new type of solar panel that is 40% more efficient than current models, potentially revolutionizing renewable energy adoption. Additional reporting confirms the accuracy of these findings through peer review and verification processes."
University Researchers Develop New Cancer Treatment,A team of oncologists and biochemists have created a targeted therapy that shows promising results in early clinical trials for treating aggressive forms of lung cancer. Additional reporting confirms the accuracy of these findings through peer review and verification processes.
Archaeological Team Uncovers Ancient Roman Settlement,"Excavations near the Italian countryside have revealed a well-preserved Roman villa dating back to the 2nd century AD, complete with intricate mosaics and artifacts. Additional reporting confirms the accuracy of these findings through peer review and verification processes."
Climate Change Report Shows Rising Global Temperatures,"The latest IPCC report confirms that global average temperatures have risen by 1.2 degrees Celsius since pre-industrial times, emphasizing the urgent need for climate action. Additional reporting confirms the accuracy of these findings through peer review and verification processes."
New Vaccine Shows 95% Effectiveness in Clinical Trials,"Phase 3 trials of a new influenza vaccine demonstrate exceptional efficacy rates, offering hope for better protection against seasonal flu outbreaks. Additional reporting confirms the accuracy of these findings through peer review and verification processes."
Space Agency Successfully Launches Mars Rover Mission,"The latest Mars exploration rover was successfully launched today, equipped with advanced instruments to search for signs of past microbial life on the Red Planet. Additional reporting confirms the accuracy of these findings through peer review and verification processes."
Scientists Discover New Species of Deep-Sea Fish,Marine biologists have identified a new species of fish living in the deep ocean trenches. The discovery was made during a recent expedition to the Mariana Trench using advanced submersible technology. Additional reporting confirms the accuracy of these findings through peer review and verification processes.
Local School Wins National Science Competition,Students from Lincoln High School took first place in the national science fair with their innovative water purification system. The project aims to provide clean drinking water to rural communities. Additional reporting confirms the accuracy of these findings through peer review and verification processes.
New Study Shows Benefits of Regular Exercise,"A comprehensive study involving 10,000 participants over 5 years demonstrates that regular physical activity significantly reduces the risk of cardiovascular disease and improves mental health. Additional reporting confirms the accuracy of these findings through peer review and verification processes."
City Council Approves New Public Transportation Plan,"The city council unanimously voted to expand the public bus system, adding 15 new routes and electric buses to reduce emissions and improve accessibility for residents. Additional reporting confirms the accuracy of these findings through peer review and verification processes."
Technology Company Announces Breakthrough in Solar Energy,"Researchers at SolarTech Inc. have developed a new type of solar panel that is 40% more efficient than current models, potentially revolutionizing renewable energy adoption. Additional reporting confirms the accuracy of these findings through peer review and verification processes."
University Researchers Develop New Cancer Treatment,A team of oncologists and biochemists have created a targeted therapy that shows promising results in early clinical trials for treating aggressive forms of lung cancer. Additional reporting confirms the accuracy of these findings through peer review and verification processes.
Archaeological Team Uncovers Ancient Roman Settlement,"Excavations near the Italian countryside have revealed a well-preserved Roman villa dating back to the 2nd century AD, complete with intricate mosaics and artifacts. Additional reporting confirms the accuracy of these findings through peer review and verification processes."
Climate Change Report Shows Rising Global Temperatures,"The latest IPCC report confirms that global average temperatures have risen by 1.2 degrees Celsius since pre-industrial times, emphasizing the urgent need for climate action. Additional reporting confirms the accuracy of these findings through peer review and verification processes."
New Vaccine Shows 95% Effectiveness in Clinical Trials,"Phase 3 trials of a new influenza vaccine demonstrate exceptional efficacy rates, offering hope for better protection against seasonal flu outbreaks. Additional reporting confirms the accuracy of these findings through peer review and verification processes."
Space Agency Successfully Launches Mars Rover Mission,"The latest Mars exploration rover was successfully launched today, equipped with advanced instruments to search for signs of past microbial life on the Red Planet. Additional reporting confirms the accuracy of these findings through peer review and verification processes."
